{"cameraMode":{"drawMode":0,"name":"Shaded","section":"Shading Mode"},"sceneLighting":true,"audioPlay":false,"sceneViewState":{"m_AlwaysRefresh":false,"showFog":true,"showSkybox":true,"showFlares":true,"showImageEffects":true,"showParticleSystems":true,"showVisualEffectGraphs":true,"m_FxEnabled":true},"in2DMode":false,"pivot":{"x":-1.1826030015945435,"y":-3.418375015258789,"z":10.982473373413086},"rotation":{"x":0.26460835337638857,"y":-0.026033522561192514,"z":0.007146268151700497,"w":0.9639796018600464},"size":12.12435531616211,"orthographic":false}